[{
  "_id": {
    "$oid": "66dbf63ac75c05c27403df0b"
  },
  "conversationId": {
    "$oid": "66dbf608c75c05c27403df0a"
  },
  "senderId": "6646f8bb0f7217950f730286",
  "message": "hi",
  "timestamp": {
    "$date": "2024-09-07T06:44:10.354Z"
  }
},
{
  "_id": {
    "$oid": "66dbf653c75c05c27403df0c"
  },
  "conversationId": {
    "$oid": "66dbf608c75c05c27403df0a"
  },
  "senderId": "6646f8bb0f7217950f730287",
  "message": "hi",
  "timestamp": {
    "$date": "2024-09-07T06:44:35.475Z"
  }
},
{
  "_id": {
    "$oid": "66dbf82bc75c05c27403df0d"
  },
  "conversationId": {
    "$oid": "66dbf608c75c05c27403df0a"
  },
  "senderId": "6646f8bb0f7217950f730287",
  "message": "test 1",
  "timestamp": {
    "$date": "2024-09-07T06:52:27.736Z"
  }
},
{
  "_id": {
    "$oid": "66dbf82cc75c05c27403df0e"
  },
  "conversationId": {
    "$oid": "66dbf608c75c05c27403df0a"
  },
  "senderId": "6646f8bb0f7217950f730287",
  "message": "test 3",
  "timestamp": {
    "$date": "2024-09-07T06:52:28.798Z"
  }
},
{
  "_id": {
    "$oid": "66dbf82dc75c05c27403df0f"
  },
  "conversationId": {
    "$oid": "66dbf608c75c05c27403df0a"
  },
  "senderId": "6646f8bb0f7217950f730287",
  "message": "test 2",
  "timestamp": {
    "$date": "2024-09-07T06:52:29.970Z"
  }
},
{
  "_id": {
    "$oid": "66dbf82fc75c05c27403df10"
  },
  "conversationId": {
    "$oid": "66dbf608c75c05c27403df0a"
  },
  "senderId": "6646f8bb0f7217950f730287",
  "message": "test 4",
  "timestamp": {
    "$date": "2024-09-07T06:52:31.067Z"
  }
},
{
  "_id": {
    "$oid": "66dbf831c75c05c27403df11"
  },
  "conversationId": {
    "$oid": "66dbf608c75c05c27403df0a"
  },
  "senderId": "6646f8bb0f7217950f730287",
  "message": "test 5",
  "timestamp": {
    "$date": "2024-09-07T06:52:33.032Z"
  }
}]